ID,Name,Department,Salary,Email,Phone
1,TestName1,IT,50001,test1@email.com,9876543211
2,TestName2,IT,50002,test2@email.com,9876543212
3,TestName3,IT,50003,test3@email.com,9876543213
4,TestName4,IT,50004,test4@email.com,9876543214
5,TestName5,IT,50005,test5@email.com,9876543215
6,TestName6,IT,50006,test6@email.com,9876543216
7,TestName7,IT,50007,test7@email.com,9876543217
8,TestName8,IT,50008,test8@email.com,9876543218
9,TestName9,IT,50009,test9@email.com,9876543219
10,TestName10,IT,50010,test10@email.com,9876543210
11,TestName11,IT,50011,test11@email.com,9876543211
12,TestName12,IT,50012,test12@email.com,9876543212
13,TestName13,IT,50013,test13@email.com,9876543213
14,TestName14,IT,50014,test14@email.com,9876543214
15,TestName15,IT,50015,test15@email.com,9876543215
16,TestName16,IT,50016,test16@email.com,9876543216
17,TestName17,IT,50017,test17@email.com,9876543217
18,TestName18,IT,50018,test18@email.com,9876543218
19,TestName19,IT,50019,test19@email.com,9876543219
20,TestName20,IT,50020,test20@email.com,9876543210
21,TestName21,IT,50021,test21@email.com,9876543211
22,TestName22,IT,50022,test22@email.com,9876543212
23,TestName23,IT,50023,test23@email.com,9876543213
24,TestName24,IT,50024,test24@email.com,9876543214
25,TestName25,IT,50025,test25@email.com,9876543215
26,TestName26,IT,50026,test26@email.com,9876543216
27,TestName27,IT,50027,test27@email.com,9876543217
28,TestName28,IT,50028,test28@email.com,9876543218
29,TestName29,IT,50029,test29@email.com,9876543219
30,TestName30,IT,50030,test30@email.com,9876543210
31,TestName31,IT,50031,test31@email.com,9876543211
32,TestName32,IT,50032,test32@email.com,9876543212
33,TestName33,IT,50033,test33@email.com,9876543213
34,TestName34,IT,50034,test34@email.com,9876543214
35,TestName35,IT,50035,test35@email.com,9876543215
36,TestName36,IT,50036,test36@email.com,9876543216
37,TestName37,IT,50037,test37@email.com,9876543217
38,TestName38,IT,50038,test38@email.com,9876543218
39,TestName39,IT,50039,test39@email.com,9876543219
40,TestName40,IT,50040,test40@email.com,9876543210
41,TestName41,IT,50041,test41@email.com,9876543211
42,TestName42,IT,50042,test42@email.com,9876543212
43,TestName43,IT,50043,test43@email.com,9876543213
44,TestName44,IT,50044,test44@email.com,9876543214
45,TestName45,IT,50045,test45@email.com,9876543215
46,TestName46,IT,50046,test46@email.com,9876543216
47,TestName47,IT,50047,test47@email.com,9876543217
48,TestName48,IT,50048,test48@email.com,9876543218
49,TestName49,IT,50049,test49@email.com,9876543219
50,TestName50,IT,50050,test50@email.com,9876543210
51,TestName51,IT,50051,test51@email.com,9876543211
52,TestName52,IT,50052,test52@email.com,9876543212
53,TestName53,IT,50053,test53@email.com,9876543213
54,TestName54,IT,50054,test54@email.com,9876543214
55,TestName55,IT,50055,test55@email.com,9876543215
56,TestName56,IT,50056,test56@email.com,9876543216
57,TestName57,IT,50057,test57@email.com,9876543217
58,TestName58,IT,50058,test58@email.com,9876543218
59,TestName59,IT,50059,test59@email.com,9876543219
60,TestName60,IT,50060,test60@email.com,9876543210
61,TestName61,IT,50061,test61@email.com,9876543211
62,TestName62,IT,50062,test62@email.com,9876543212
63,TestName63,IT,50063,test63@email.com,9876543213
64,TestName64,IT,50064,test64@email.com,9876543214
65,TestName65,IT,50065,test65@email.com,9876543215
66,TestName66,IT,50066,test66@email.com,9876543216
67,TestName67,IT,50067,test67@email.com,9876543217
68,TestName68,IT,50068,test68@email.com,9876543218
69,TestName69,IT,50069,test69@email.com,9876543219
70,TestName70,IT,50070,test70@email.com,9876543210
71,TestName71,IT,50071,test71@email.com,9876543211
72,TestName72,IT,50072,test72@email.com,9876543212
73,TestName73,IT,50073,test73@email.com,9876543213
74,TestName74,IT,50074,test74@email.com,9876543214
75,TestName75,IT,50075,test75@email.com,9876543215
76,TestName76,IT,50076,test76@email.com,9876543216
77,TestName77,IT,50077,test77@email.com,9876543217
78,TestName78,IT,50078,test78@email.com,9876543218
79,TestName79,IT,50079,test79@email.com,9876543219
80,TestName80,IT,50080,test80@email.com,9876543210
81,TestName81,IT,50081,test81@email.com,9876543211
82,TestName82,IT,50082,test82@email.com,9876543212
83,TestName83,IT,50083,test83@email.com,9876543213
84,TestName84,IT,50084,test84@email.com,9876543214
85,TestName85,IT,50085,test85@email.com,9876543215
86,TestName86,IT,50086,test86@email.com,9876543216
87,TestName87,IT,50087,test87@email.com,9876543217
88,TestName88,IT,50088,test88@email.com,9876543218
89,TestName89,IT,50089,test89@email.com,9876543219
90,TestName90,IT,50090,test90@email.com,9876543210
91,TestName91,IT,50091,test91@email.com,9876543211
92,TestName92,IT,50092,test92@email.com,9876543212
93,TestName93,IT,50093,test93@email.com,9876543213
94,TestName94,IT,50094,test94@email.com,9876543214
95,TestName95,IT,50095,test95@email.com,9876543215
96,TestName96,IT,50096,test96@email.com,9876543216
97,TestName97,IT,50097,test97@email.com,9876543217
98,TestName98,IT,50098,test98@email.com,9876543218
99,TestName99,IT,50099,test99@email.com,9876543219
100,TestName100,IT,50100,test100@email.com,9876543210
101,TestName101,IT,50101,test101@email.com,9876543211
102,TestName102,IT,50102,test102@email.com,9876543212
103,TestName103,IT,50103,test103@email.com,9876543213
104,TestName104,IT,50104,test104@email.com,9876543214
105,TestName105,IT,50105,test105@email.com,9876543215
106,TestName106,IT,50106,test106@email.com,9876543216
107,TestName107,IT,50107,test107@email.com,9876543217
108,TestName108,IT,50108,test108@email.com,9876543218
109,TestName109,IT,50109,test109@email.com,9876543219
110,TestName110,IT,50110,test110@email.com,9876543210
111,TestName111,IT,50111,test111@email.com,9876543211
112,TestName112,IT,50112,test112@email.com,9876543212
113,TestName113,IT,50113,test113@email.com,9876543213
114,TestName114,IT,50114,test114@email.com,9876543214
115,TestName115,IT,50115,test115@email.com,9876543215
116,TestName116,IT,50116,test116@email.com,9876543216
117,TestName117,IT,50117,test117@email.com,9876543217
118,TestName118,IT,50118,test118@email.com,9876543218
119,TestName119,IT,50119,test119@email.com,9876543219
120,TestName120,IT,50120,test120@email.com,9876543210
121,TestName121,IT,50121,test121@email.com,9876543211
122,TestName122,IT,50122,test122@email.com,9876543212
123,TestName123,IT,50123,test123@email.com,9876543213
124,TestName124,IT,50124,test124@email.com,9876543214
125,TestName125,IT,50125,test125@email.com,9876543215
126,TestName126,IT,50126,test126@email.com,9876543216
127,TestName127,IT,50127,test127@email.com,9876543217
128,TestName128,IT,50128,test128@email.com,9876543218
129,TestName129,IT,50129,test129@email.com,9876543219
130,TestName130,IT,50130,test130@email.com,9876543210
131,TestName131,IT,50131,test131@email.com,9876543211
132,TestName132,IT,50132,test132@email.com,9876543212
133,TestName133,IT,50133,test133@email.com,9876543213
134,TestName134,IT,50134,test134@email.com,9876543214
135,TestName135,IT,50135,test135@email.com,9876543215
136,TestName136,IT,50136,test136@email.com,9876543216
137,TestName137,IT,50137,test137@email.com,9876543217
138,TestName138,IT,50138,test138@email.com,9876543218
139,TestName139,IT,50139,test139@email.com,9876543219
140,TestName140,IT,50140,test140@email.com,9876543210
141,TestName141,IT,50141,test141@email.com,9876543211
142,TestName142,IT,50142,test142@email.com,9876543212
143,TestName143,IT,50143,test143@email.com,9876543213
144,TestName144,IT,50144,test144@email.com,9876543214
145,TestName145,IT,50145,test145@email.com,9876543215
146,TestName146,IT,50146,test146@email.com,9876543216
147,TestName147,IT,50147,test147@email.com,9876543217
148,TestName148,IT,50148,test148@email.com,9876543218
149,TestName149,IT,50149,test149@email.com,9876543219
150,TestName150,IT,50150,test150@email.com,9876543210
151,TestName151,IT,50151,test151@email.com,9876543211
152,TestName152,IT,50152,test152@email.com,9876543212
153,TestName153,IT,50153,test153@email.com,9876543213
154,TestName154,IT,50154,test154@email.com,9876543214
155,TestName155,IT,50155,test155@email.com,9876543215
156,TestName156,IT,50156,test156@email.com,9876543216
157,TestName157,IT,50157,test157@email.com,9876543217
158,TestName158,IT,50158,test158@email.com,9876543218
159,TestName159,IT,50159,test159@email.com,9876543219
160,TestName160,IT,50160,test160@email.com,9876543210
161,TestName161,IT,50161,test161@email.com,9876543211
162,TestName162,IT,50162,test162@email.com,9876543212
163,TestName163,IT,50163,test163@email.com,9876543213
164,TestName164,IT,50164,test164@email.com,9876543214
165,TestName165,IT,50165,test165@email.com,9876543215
166,TestName166,IT,50166,test166@email.com,9876543216
167,TestName167,IT,50167,test167@email.com,9876543217
168,TestName168,IT,50168,test168@email.com,9876543218
169,TestName169,IT,50169,test169@email.com,9876543219
170,TestName170,IT,50170,test170@email.com,9876543210
171,TestName171,IT,50171,test171@email.com,9876543211
172,TestName172,IT,50172,test172@email.com,9876543212
173,TestName173,IT,50173,test173@email.com,9876543213
174,TestName174,IT,50174,test174@email.com,9876543214
175,TestName175,IT,50175,test175@email.com,9876543215
176,TestName176,IT,50176,test176@email.com,9876543216
177,TestName177,IT,50177,test177@email.com,9876543217
178,TestName178,IT,50178,test178@email.com,9876543218
179,TestName179,IT,50179,test179@email.com,9876543219
180,TestName180,IT,50180,test180@email.com,9876543210
181,TestName181,IT,50181,test181@email.com,9876543211
182,TestName182,IT,50182,test182@email.com,9876543212
183,TestName183,IT,50183,test183@email.com,9876543213
184,TestName184,IT,50184,test184@email.com,9876543214
185,TestName185,IT,50185,test185@email.com,9876543215
186,TestName186,IT,50186,test186@email.com,9876543216
187,TestName187,IT,50187,test187@email.com,9876543217
188,TestName188,IT,50188,test188@email.com,9876543218
189,TestName189,IT,50189,test189@email.com,9876543219
190,TestName190,IT,50190,test190@email.com,9876543210
191,TestName191,IT,50191,test191@email.com,9876543211
192,TestName192,IT,50192,test192@email.com,9876543212
193,TestName193,IT,50193,test193@email.com,9876543213
194,TestName194,IT,50194,test194@email.com,9876543214
195,TestName195,IT,50195,test195@email.com,9876543215
196,TestName196,IT,50196,test196@email.com,9876543216
197,TestName197,IT,50197,test197@email.com,9876543217
198,TestName198,IT,50198,test198@email.com,9876543218
199,TestName199,IT,50199,test199@email.com,9876543219
200,TestName200,IT,50200,test200@email.com,9876543210
201,TestName201,IT,50201,test201@email.com,9876543211
202,TestName202,IT,50202,test202@email.com,9876543212
203,TestName203,IT,50203,test203@email.com,9876543213
204,TestName204,IT,50204,test204@email.com,9876543214
205,TestName205,IT,50205,test205@email.com,9876543215
206,TestName206,IT,50206,test206@email.com,9876543216
207,TestName207,IT,50207,test207@email.com,9876543217
208,TestName208,IT,50208,test208@email.com,9876543218
209,TestName209,IT,50209,test209@email.com,9876543219
210,TestName210,IT,50210,test210@email.com,9876543210
211,TestName211,IT,50211,test211@email.com,9876543211
212,TestName212,IT,50212,test212@email.com,9876543212
213,TestName213,IT,50213,test213@email.com,9876543213
214,TestName214,IT,50214,test214@email.com,9876543214
215,TestName215,IT,50215,test215@email.com,9876543215
216,TestName216,IT,50216,test216@email.com,9876543216
217,TestName217,IT,50217,test217@email.com,9876543217
218,TestName218,IT,50218,test218@email.com,9876543218
219,TestName219,IT,50219,test219@email.com,9876543219
220,TestName220,IT,50220,test220@email.com,9876543210
221,TestName221,IT,50221,test221@email.com,9876543211
222,TestName222,IT,50222,test222@email.com,9876543212
223,TestName223,IT,50223,test223@email.com,9876543213
224,TestName224,IT,50224,test224@email.com,9876543214
225,TestName225,IT,50225,test225@email.com,9876543215
226,TestName226,IT,50226,test226@email.com,9876543216
227,TestName227,IT,50227,test227@email.com,9876543217
228,TestName228,IT,50228,test228@email.com,9876543218
229,TestName229,IT,50229,test229@email.com,9876543219
230,TestName230,IT,50230,test230@email.com,9876543210
231,TestName231,IT,50231,test231@email.com,9876543211
232,TestName232,IT,50232,test232@email.com,9876543212
233,TestName233,IT,50233,test233@email.com,9876543213
234,TestName234,IT,50234,test234@email.com,9876543214
235,TestName235,IT,50235,test235@email.com,9876543215
236,TestName236,IT,50236,test236@email.com,9876543216
237,TestName237,IT,50237,test237@email.com,9876543217
238,TestName238,IT,50238,test238@email.com,9876543218
239,TestName239,IT,50239,test239@email.com,9876543219
240,TestName240,IT,50240,test240@email.com,9876543210
241,TestName241,IT,50241,test241@email.com,9876543211
242,TestName242,IT,50242,test242@email.com,9876543212
243,TestName243,IT,50243,test243@email.com,9876543213
244,TestName244,IT,50244,test244@email.com,9876543214
245,TestName245,IT,50245,test245@email.com,9876543215
246,TestName246,IT,50246,test246@email.com,9876543216
247,TestName247,IT,50247,test247@email.com,9876543217
248,TestName248,IT,50248,test248@email.com,9876543218
249,TestName249,IT,50249,test249@email.com,9876543219
250,TestName250,IT,50250,test250@email.com,9876543210
251,TestName251,IT,50251,test251@email.com,9876543211
252,TestName252,IT,50252,test252@email.com,9876543212
253,TestName253,IT,50253,test253@email.com,9876543213
254,TestName254,IT,50254,test254@email.com,9876543214
255,TestName255,IT,50255,test255@email.com,9876543215
256,TestName256,IT,50256,test256@email.com,9876543216
257,TestName257,IT,50257,test257@email.com,9876543217
258,TestName258,IT,50258,test258@email.com,9876543218
259,TestName259,IT,50259,test259@email.com,9876543219
260,TestName260,IT,50260,test260@email.com,9876543210
261,TestName261,IT,50261,test261@email.com,9876543211
262,TestName262,IT,50262,test262@email.com,9876543212
263,TestName263,IT,50263,test263@email.com,9876543213
264,TestName264,IT,50264,test264@email.com,9876543214
265,TestName265,IT,50265,test265@email.com,9876543215
266,TestName266,IT,50266,test266@email.com,9876543216
267,TestName267,IT,50267,test267@email.com,9876543217
268,TestName268,IT,50268,test268@email.com,9876543218
269,TestName269,IT,50269,test269@email.com,9876543219
270,TestName270,IT,50270,test270@email.com,9876543210
271,TestName271,IT,50271,test271@email.com,9876543211
272,TestName272,IT,50272,test272@email.com,9876543212
273,TestName273,IT,50273,test273@email.com,9876543213
274,TestName274,IT,50274,test274@email.com,9876543214
275,TestName275,IT,50275,test275@email.com,9876543215
276,TestName276,IT,50276,test276@email.com,9876543216
277,TestName277,IT,50277,test277@email.com,9876543217
278,TestName278,IT,50278,test278@email.com,9876543218
279,TestName279,IT,50279,test279@email.com,9876543219
280,TestName280,IT,50280,test280@email.com,9876543210
281,TestName281,IT,50281,test281@email.com,9876543211
282,TestName282,IT,50282,test282@email.com,9876543212
283,TestName283,IT,50283,test283@email.com,9876543213
284,TestName284,IT,50284,test284@email.com,9876543214
285,TestName285,IT,50285,test285@email.com,9876543215
286,TestName286,IT,50286,test286@email.com,9876543216
287,TestName287,IT,50287,test287@email.com,9876543217
288,TestName288,IT,50288,test288@email.com,9876543218
289,TestName289,IT,50289,test289@email.com,9876543219
290,TestName290,IT,50290,test290@email.com,9876543210
291,TestName291,IT,50291,test291@email.com,9876543211
292,TestName292,IT,50292,test292@email.com,9876543212
293,TestName293,IT,50293,test293@email.com,9876543213
294,TestName294,IT,50294,test294@email.com,9876543214
295,TestName295,IT,50295,test295@email.com,9876543215
296,TestName296,IT,50296,test296@email.com,9876543216
297,TestName297,IT,50297,test297@email.com,9876543217
298,TestName298,IT,50298,test298@email.com,9876543218
299,TestName299,IT,50299,test299@email.com,9876543219
